Date,Close
2015-01-02,"141,61"
2015-01-05,140
2015-01-06,"141,85"
2015-01-07,"144,32"
2015-01-08,"145,56"
2015-01-09,"143,32"
2015-01-12,"142,52"
2015-01-13,"141,09"
2015-01-14,"139,31"
2015-01-15,"139,31"
2015-01-16,"139,72"
2015-01-20,"139,38"
2015-01-21,"139,14"
2015-01-22,"141,27"
2015-01-23,"142,05"
2015-01-26,"142,91"
2015-01-27,"140,99"
2015-01-28,"139,62"
2015-01-29,"140,64"
2015-01-30,"142,99"
2015-02-02,146
2015-02-03,"153,75"
2015-02-04,"155,92"
2015-02-05,"149,09"
2015-02-06,"148,7"
2015-02-09,"147,54"
2015-02-10,"148,22"
2015-02-11,"147,46"
2015-02-12,"147,76"
2015-02-13,"147,1"
2015-02-17,"147,53"
2015-02-18,"147,23"
2015-02-19,"146,67"
2015-02-20,"147,54"
2015-02-23,"148,39"
2015-02-24,"148,21"
2015-02-25,"147,48"
2015-02-26,"146,65"
2015-02-27,"146,96"
2015-03-02,"147,94"
2015-03-03,"147,37"
2015-03-04,"147,17"
2015-03-05,"151,17"
2015-03-06,"149,54"
2015-03-09,"150,68"
2015-03-10,"148,16"
2015-03-11,"147,4"
2015-03-12,"149,44"
2015-03-13,"149,28"
2015-03-16,"149,99"
2015-03-17,"150,03"
2015-03-18,"150,93"
2015-03-19,"151,31"
2015-03-20,"152,59"
2015-03-23,"152,93"
2015-03-24,"153,14"
2015-03-25,"151,09"
2015-03-26,"150,06"
2015-03-27,"150,47"
2015-03-30,"152,37"
2015-03-31,"151,5"
2015-04-01,"150,24"
2015-04-02,"151,63"
2015-04-06,"152,5"
2015-04-07,"151,78"
2015-04-08,152
2015-04-09,"148,81"
2015-04-10,"149,64"
2015-04-13,"149,02"
2015-04-14,"149,52"
2015-04-15,"149,07"
2015-04-16,"147,11"
2015-04-17,"144,57"
2015-04-20,"146,31"
2015-04-21,"147,34"
2015-04-22,"146,98"
2015-04-23,"147,3"
2015-04-24,"148,12"
2015-04-27,"146,96"
2015-04-28,"146,61"
2015-04-29,"144,46"
2015-04-30,"143,05"
2015-05-01,"145,39"
2015-05-04,"145,75"
2015-05-05,"144,5"
2015-05-06,"144,77"
2015-05-07,"144,56"
2015-05-08,"145,88"
2015-05-11,"144,27"
2015-05-12,"144,07"
2015-05-13,"143,24"
2015-05-14,"142,6"
2015-05-15,"144,83"
2015-05-18,"145,06"
2015-05-19,"144,74"
2015-05-20,"143,49"
2015-05-21,"143,94"
2015-05-22,"143,68"
2015-05-26,"143,25"
2015-05-27,"145,42"
2015-05-28,"144,26"
2015-05-29,"142,59"
2015-06-01,"142,39"
2015-06-02,"141,4"
2015-06-03,"142,13"
2015-06-04,"140,65"
2015-06-05,"138,78"
2015-06-08,"138,05"
2015-06-09,"138,04"
2015-06-10,"139,43"
2015-06-11,"139,32"
2015-06-12,"138,78"
2015-06-15,"137,23"
2015-06-16,"137,98"
2015-06-17,"138,88"
2015-06-18,"140,5"
2015-06-19,"140,3"
2015-06-22,"140,19"
2015-06-23,"139,65"
2015-06-24,"138,34"
2015-06-25,"137,45"
2015-06-26,"138,06"
2015-06-29,"135,69"
2015-06-30,"135,06"
2015-07-01,"136,49"
2015-07-02,"136,39"
2015-07-06,"135,88"
2015-07-07,"140,5"
2015-07-08,"139,9"
2015-07-09,"139,45"
2015-07-10,"142,72"
2015-07-13,"144,06"
2015-07-14,"143,93"
2015-07-15,"143,63"
2015-07-16,"144,33"
2015-07-17,"144,68"
2015-07-20,"145,04"
2015-07-21,"144,94"
2015-07-22,"146,38"
2015-07-23,"145,6"
2015-07-24,"144,99"
2015-07-27,"144,25"
2015-07-28,"144,55"
2015-07-29,"145,38"
2015-07-30,"145,3"
2015-07-31,"145,3"
2015-08-03,"145,52"
2015-08-04,"144,84"
2015-08-05,"146,89"
2015-08-06,"146,44"
2015-08-07,"145,26"
2015-08-10,"146,25"
2015-08-11,"145,89"
2015-08-12,"146,49"
2015-08-13,"145,27"
2015-08-14,"146,09"
2015-08-17,"146,09"
2015-08-18,"145,63"
2015-08-19,"145,17"
2015-08-20,"143,71"
2015-08-21,"138,99"
2015-08-24,"132,97"
2015-08-25,"132,71"
2015-08-26,"138,16"
2015-08-27,"140,21"
2015-08-28,"139,95"
2015-08-31,"140,05"
2015-09-01,"138,3"
2015-09-02,"140,42"
2015-09-03,"140,48"
2015-09-04,"138,48"
2015-09-08,"141,43"
2015-09-09,"139,68"
2015-09-10,"140,01"
2015-09-11,"141,05"
2015-09-14,"141,15"
2015-09-15,"142,43"
2015-09-16,"143,61"
2015-09-17,"143,35"
2015-09-18,"141,81"
2015-09-21,"143,21"
2015-09-22,"142,65"
2015-09-23,"145,43"
2015-09-24,"144,87"
2015-09-25,"145,55"
2015-09-28,"143,55"
2015-09-29,"143,72"
2015-09-30,"144,57"
2015-10-01,"144,56"
2015-10-02,"145,86"
2015-10-05,"148,07"
2015-10-06,"148,41"
2015-10-07,"147,96"
2015-10-08,"151,66"
2015-10-09,"153,97"
2015-10-12,"153,63"
2015-10-13,"152,28"
2015-10-14,"149,84"
2015-10-15,"151,77"
2015-10-16,"152,06"
2015-10-19,"153,22"
2015-10-20,"154,56"
2015-10-21,"155,21"
2015-10-22,"158,15"
2015-10-23,"155,74"
2015-10-26,"156,73"
2015-10-27,"157,76"
2015-10-28,"157,76"
2015-10-29,"158,28"
2015-10-30,"158,12"
2015-11-02,"159,15"
2015-11-03,"158,8"
2015-11-04,"157,15"
2015-11-05,"156,27"
2015-11-06,"157,55"
2015-11-09,"155,16"
2015-11-10,"156,41"
2015-11-11,"156,39"
2015-11-12,156
2015-11-13,"153,67"
2015-11-16,"156,45"
2015-11-17,"158,89"
2015-11-18,"161,25"
2015-11-19,"162,83"
2015-11-20,"163,1"
2015-11-23,"163,45"
2015-11-24,"162,19"
2015-11-25,"162,39"
2015-11-27,"163,58"
2015-11-30,"161,42"
2015-12-01,"161,29"
2015-12-02,"161,09"
2015-12-03,"163,67"
2015-12-04,"166,8"
2015-12-07,"167,12"
2015-12-08,"168,87"
2015-12-09,"159,72"
2015-12-10,"161,86"
2015-12-11,"160,02"
2015-12-14,"161,84"
2015-12-15,"161,29"
2015-12-16,"162,76"
2015-12-17,"160,68"
2015-12-18,"157,7"
2015-12-21,"159,39"
2015-12-22,"161,23"
2015-12-23,"161,71"
2015-12-24,"161,75"
2015-12-28,"161,16"
2015-12-29,"162,66"
2015-12-30,"162,71"
2015-12-31,"161,5"
2016-01-04,"159,54"
2016-01-05,"159,93"
2016-01-06,"158,45"
2016-01-07,"154,82"
2016-01-08,"152,11"
2016-01-11,"154,72"
2016-01-12,"156,06"
2016-01-13,"152,12"
2016-01-14,"153,18"
2016-01-15,"150,39"
2016-01-19,"150,47"
2016-01-20,"148,82"
2016-01-21,"150,38"
2016-01-22,"153,69"
2016-01-25,"150,78"
2016-01-26,"148,5"
2016-01-27,"147,73"
2016-01-28,"149,59"
2016-01-29,"151,12"
2016-02-01,"151,25"
2016-02-02,"148,5"
2016-02-03,"146,7"
2016-02-04,"143,28"
2016-02-05,"143,99"
2016-02-08,"147,02"
2016-02-09,"147,94"
2016-02-10,"148,05"
2016-02-11,"146,65"
2016-02-12,"148,65"
2016-02-16,"149,11"
2016-02-17,"150,91"
2016-02-18,"148,65"
2016-02-19,"148,7"
2016-02-22,"150,06"
2016-02-23,"150,36"
2016-02-24,"153,87"
2016-02-25,"154,72"
2016-02-26,"149,68"
2016-02-29,"150,03"
2016-03-01,"150,52"
2016-03-02,"152,79"
2016-03-03,"151,6"
2016-03-04,"150,9"
2016-03-07,"148,17"
2016-03-08,"150,95"
2016-03-09,"153,05"
2016-03-10,"152,87"
2016-03-11,"152,71"
2016-03-14,"152,67"
2016-03-15,"154,18"
2016-03-16,"154,06"
2016-03-17,"153,84"
2016-03-18,"153,15"
2016-03-21,"153,94"
2016-03-22,"152,23"
2016-03-23,"153,51"
2016-03-24,"151,43"
2016-03-28,"152,67"
2016-03-29,"155,26"
2016-03-30,"157,6"
2016-03-31,"157,58"
2016-04-01,"158,25"
2016-04-04,"157,73"
2016-04-05,"155,99"
2016-04-06,"156,77"
2016-04-07,"152,03"
2016-04-08,"151,65"
2016-04-11,"149,05"
2016-04-12,"150,52"
2016-04-13,"151,88"
2016-04-14,"151,4"
2016-04-15,"153,17"
2016-04-18,"153,3"
2016-04-19,"153,68"
2016-04-20,"152,74"
2016-04-21,"151,42"
2016-04-22,"149,92"
2016-04-25,"151,51"
2016-04-26,"152,6"
2016-04-27,"151,77"
2016-04-28,"151,44"
2016-04-29,"148,13"
2016-05-02,"150,93"
2016-05-03,"151,41"
2016-05-04,"151,51"
2016-05-05,"147,84"
2016-05-06,"146,44"
2016-05-09,"148,59"
2016-05-10,"149,56"
2016-05-11,"147,12"
2016-05-12,"146,72"
2016-05-13,"144,5"
2016-05-16,"145,79"
2016-05-17,"143,6"
2016-05-18,"141,29"
2016-05-19,"142,7"
2016-05-20,"142,69"
2016-05-23,"142,01"
2016-05-24,"142,57"
2016-05-25,"144,54"
2016-05-26,"149,71"
2016-05-27,"149,08"
2016-05-31,"148,77"
2016-06-01,"152,52"
2016-06-02,"151,51"
2016-06-03,"151,71"
2016-06-06,"152,24"
2016-06-07,"152,62"
2016-06-08,"153,37"
2016-06-09,"154,05"
2016-06-10,"154,87"
2016-06-13,"154,95"
2016-06-14,"155,87"
2016-06-15,"154,86"
2016-06-16,"156,42"
2016-06-17,"155,89"
2016-06-20,"156,48"
2016-06-21,"157,2"
2016-06-22,"158,12"
2016-06-23,"157,03"
2016-06-24,"155,56"
2016-06-27,"154,26"
2016-06-28,"155,6"
2016-06-29,"157,08"
2016-06-30,"157,04"
2016-07-01,"156,11"
2016-07-05,"155,25"
2016-07-06,"156,01"
2016-07-07,"163,7"
2016-07-08,"165,44"
2016-07-11,"166,72"
2016-07-12,"166,28"
2016-07-13,"166,78"
2016-07-14,"166,94"
2016-07-15,"166,41"
2016-07-18,"167,51"
2016-07-19,"168,12"
2016-07-20,"168,04"
2016-07-21,"167,05"
2016-07-22,"167,47"
2016-07-25,"167,97"
2016-07-26,"167,57"
2016-07-27,"166,15"
2016-07-28,"166,35"
2016-07-29,"167,22"
2016-08-01,"167,56"
2016-08-02,"166,5"
2016-08-03,"166,12"
2016-08-04,"166,55"
2016-08-05,"167,7"
2016-08-08,"167,4"
2016-08-09,"167,86"
2016-08-10,"168,29"
2016-08-11,"167,88"
2016-08-12,"169,04"
2016-08-15,"168,73"
2016-08-16,"168,41"
2016-08-17,"167,96"
2016-08-18,"167,75"
2016-08-19,"168,02"
2016-08-22,"167,94"
2016-08-23,"167,36"
2016-08-24,"167,57"
2016-08-25,"164,86"
2016-08-26,"163,93"
2016-08-29,"163,98"
2016-08-30,"161,96"
2016-08-31,"162,09"
2016-09-01,"156,21"
2016-09-02,"157,98"
2016-09-06,"158,06"
2016-09-07,"155,64"
2016-09-08,"153,47"
2016-09-09,"150,7"
2016-09-12,"151,69"
2016-09-13,"150,74"
2016-09-14,"150,69"
2016-09-15,"152,67"
2016-09-16,"152,35"
2016-09-19,"151,79"
2016-09-20,"152,17"
2016-09-21,"152,7"
2016-09-22,"153,15"
2016-09-23,"152,53"
2016-09-26,"151,19"
2016-09-27,"150,45"
2016-09-28,"149,41"
2016-09-29,"147,49"
2016-09-30,"152,51"
2016-10-03,"151,01"
2016-10-04,"150,48"
2016-10-05,"149,98"
2016-10-06,"149,47"
2016-10-07,"149,99"
2016-10-10,"150,28"
2016-10-11,"151,01"
2016-10-12,"150,46"
2016-10-13,"150,22"
2016-10-14,"150,15"
2016-10-17,"148,7"
2016-10-18,"149,11"
2016-10-19,"149,45"
2016-10-20,"150,04"
2016-10-21,"148,97"
2016-10-24,"152,12"
2016-10-25,"150,99"
2016-10-26,"150,98"
2016-10-27,"150,86"
2016-10-28,"149,76"
2016-10-31,"147,87"
2016-11-01,"146,66"
2016-11-02,"146,27"
2016-11-03,"144,45"
2016-11-04,"142,24"
2016-11-07,"143,54"
2016-11-08,"146,09"
2016-11-09,"146,79"
2016-11-10,"146,7"
2016-11-11,"149,36"
2016-11-14,152
2016-11-15,"151,15"
2016-11-16,"152,14"
2016-11-17,"151,2"
2016-11-18,"150,36"
2016-11-21,"151,17"
2016-11-22,"152,67"
2016-11-23,"151,6"
2016-11-25,"151,88"
2016-11-28,"151,25"
2016-11-29,"151,48"
2016-11-30,"150,11"
2016-12-01,"151,74"
2016-12-02,"152,09"
2016-12-05,"151,77"
2016-12-06,"151,01"
2016-12-07,"153,85"
2016-12-08,"157,59"
2016-12-09,"159,7"
2016-12-12,"160,33"
2016-12-13,"159,77"
2016-12-14,"158,99"
2016-12-15,"160,11"
2016-12-16,"160,41"
2016-12-19,"163,46"
2016-12-20,"163,86"
2016-12-21,"163,04"
2016-12-22,"162,07"
2016-12-23,"162,08"
2016-12-27,"162,05"
2016-12-28,"161,01"
2016-12-29,"161,13"
2016-12-30,"160,11"
2017-01-03,"159,73"
2017-01-04,"159,76"
2017-01-05,"162,91"
2017-01-06,"162,83"
2017-01-09,"160,97"
2017-01-10,"161,66"
2017-01-11,"161,54"
2017-01-12,"161,87"
2017-01-13,"161,86"
2017-01-17,"163,81"
2017-01-18,"164,27"
2017-01-19,"163,7"
2017-01-20,"164,24"
2017-01-23,"163,01"
2017-01-24,"163,67"
2017-01-25,"164,14"
2017-01-26,"164,07"
2017-01-27,"162,06"
2017-01-30,"163,25"
2017-01-31,"163,95"
2017-02-01,"161,86"
2017-02-02,"168,15"
2017-02-03,"168,32"
2017-02-06,"167,03"
2017-02-07,"167,52"
2017-02-08,"168,42"
2017-02-09,"170,96"
2017-02-10,172
2017-02-13,"171,96"
2017-02-14,"173,63"
2017-02-15,175
2017-02-16,"175,75"
2017-02-17,"175,86"
2017-02-21,"176,94"
2017-02-22,"176,51"
2017-02-23,"175,85"
2017-02-24,"177,56"
2017-02-27,"177,62"
2017-02-28,"177,18"
2017-03-01,"177,86"
2017-03-02,"177,98"
2017-03-03,"170,26"
2017-03-06,"166,73"
2017-03-07,167
2017-03-08,"166,24"
2017-03-09,"165,77"
2017-03-10,"165,37"
2017-03-13,"164,55"
2017-03-14,"165,24"
2017-03-15,"166,54"
2017-03-16,"167,06"
2017-03-17,"167,81"
2017-03-20,"167,44"
2017-03-21,"166,78"
2017-03-22,"167,68"
2017-03-23,"166,9"
2017-03-24,"166,02"
2017-03-27,"166,15"
2017-03-28,"166,77"
2017-03-29,"167,43"
2017-03-30,"167,89"
2017-03-31,"167,69"
2017-04-03,"166,7"
2017-04-04,"167,25"
2017-04-05,167
2017-04-06,"170,02"
2017-04-07,"170,62"
2017-04-10,"171,22"
2017-04-11,"170,63"
2017-04-12,"170,17"
2017-04-13,"168,84"
2017-04-17,"169,7"
2017-04-18,"170,13"
2017-04-19,"170,06"
2017-04-20,"170,15"
2017-04-21,"170,77"
2017-04-24,"172,33"
2017-04-25,"172,68"
2017-04-26,"176,8"
2017-04-27,"177,45"
2017-04-28,"177,52"
2017-05-01,"177,86"
2017-05-02,"178,59"
2017-05-03,"179,82"
2017-05-04,"182,45"
2017-05-05,"180,2"
2017-05-08,"172,64"
2017-05-09,"172,68"
2017-05-10,"171,35"
2017-05-11,"171,26"
2017-05-12,"170,88"
2017-05-15,"171,57"
2017-05-16,171
2017-05-17,"169,15"
2017-05-18,"170,72"
2017-05-19,"171,64"
2017-05-22,"172,4"
2017-05-23,"172,47"
2017-05-24,"173,01"
2017-05-25,"174,73"
2017-05-26,"177,86"
2017-05-30,"178,92"
2017-05-31,"180,43"
2017-06-01,"180,63"
2017-06-02,"180,97"
2017-06-05,"182,08"
2017-06-06,"181,45"
2017-06-07,"182,2"
2017-06-08,"181,41"
2017-06-09,"180,38"
2017-06-12,"179,64"
2017-06-13,"180,51"
2017-06-14,"181,67"
2017-06-15,"180,06"
2017-06-16,"167,11"
2017-06-19,"164,34"
2017-06-20,"162,9"
2017-06-21,"163,15"
2017-06-22,"159,79"
2017-06-23,"157,13"
2017-06-26,"160,2"
2017-06-27,"159,26"
2017-06-28,"160,17"
2017-06-29,"158,68"
2017-06-30,"159,93"
2017-07-03,"158,82"
2017-07-05,"158,02"
2017-07-06,"157,09"
2017-07-07,"154,11"
2017-07-10,151
2017-07-11,"151,11"
2017-07-12,"151,75"
2017-07-13,"153,6"
2017-07-14,153
2017-07-17,"152,84"
2017-07-18,"151,5"
2017-07-19,"151,24"
2017-07-20,"150,99"
2017-07-21,"150,44"
2017-07-24,151
2017-07-25,"153,17"
2017-07-26,"152,09"
2017-07-27,"152,52"
2017-07-28,"152,89"
2017-07-31,"158,51"
2017-08-01,"159,72"
2017-08-02,"161,28"
2017-08-03,"157,91"
2017-08-04,"156,44"
2017-08-07,"156,95"
2017-08-08,"157,75"
2017-08-09,"156,86"
2017-08-10,"156,64"
2017-08-11,"156,65"
2017-08-14,"157,91"
2017-08-15,"156,88"
2017-08-16,"159,76"
2017-08-17,"158,57"
2017-08-18,"157,08"
2017-08-21,"157,07"
2017-08-22,"158,7"
2017-08-23,"159,37"
2017-08-24,"151,33"
2017-08-25,"152,45"
2017-08-28,"152,55"
2017-08-29,"153,56"
2017-08-30,"154,44"
2017-08-31,"156,74"
2017-09-01,"158,24"
2017-09-05,"159,14"
2017-09-06,"158,86"
2017-09-07,"159,28"
2017-09-08,"157,31"
2017-09-11,"157,36"
2017-09-12,"160,04"
2017-09-13,"162,99"
2017-09-14,"162,37"
2017-09-15,"162,3"
2017-09-18,"160,91"
2017-09-19,"161,56"
2017-09-20,"162,85"
2017-09-21,"161,48"
2017-09-22,"161,29"
2017-09-25,"162,33"
2017-09-26,"164,07"
2017-09-27,"164,42"
2017-09-28,"163,9"
2017-09-29,"164,29"
2017-10-02,"165,89"
2017-10-03,"165,08"
2017-10-04,"165,21"
2017-10-05,"167,07"
2017-10-06,"157,09"
2017-10-09,"154,61"
2017-10-10,"156,87"
2017-10-11,"157,87"
2017-10-12,"157,22"
2017-10-13,"159,85"
2017-10-16,"158,81"
2017-10-17,"158,38"
2017-10-18,"157,55"
2017-10-19,"158,46"
2017-10-20,"160,77"
2017-10-23,"162,04"
2017-10-24,"162,29"
2017-10-25,"162,18"
2017-10-26,"162,46"
2017-10-27,"162,38"
2017-10-30,"160,23"
2017-10-31,"161,08"
2017-11-01,"162,69"
2017-11-02,"164,95"
2017-11-03,"166,44"
2017-11-06,"165,05"
2017-11-07,"166,28"
2017-11-08,"169,05"
2017-11-09,"169,11"
2017-11-10,"171,36"
2017-11-13,"171,46"
2017-11-14,"171,44"
2017-11-15,169
2017-11-16,"170,98"
2017-11-17,"170,98"
2017-11-20,"172,28"
2017-11-21,"173,42"
2017-11-22,"172,48"
2017-11-24,"171,62"
2017-11-27,"172,61"
2017-11-28,"173,65"
2017-11-29,"177,53"
2017-11-30,"184,43"
2017-12-01,"185,13"
2017-12-04,"189,56"
2017-12-05,"187,82"
2017-12-06,"187,22"
2017-12-07,"186,2"
2017-12-08,"188,07"
2017-12-11,"188,86"
2017-12-12,"188,3"
2017-12-13,"188,28"
2017-12-14,"186,53"
2017-12-15,"192,73"
2017-12-18,"192,31"
2017-12-19,"188,33"
2017-12-20,"187,51"
2017-12-21,"186,8"
2017-12-22,"186,63"
2017-12-26,"186,55"
2017-12-27,"186,3"
2017-12-28,"186,62"
2017-12-29,"186,12"
2018-01-02,"188,32"
2018-01-03,"190,58"
2018-01-04,"189,1"
2018-01-05,"187,75"
2018-01-08,"188,48"
2018-01-09,"186,29"
2018-01-10,"185,42"
2018-01-11,"189,38"
2018-01-12,"191,84"
2018-01-16,"191,53"
2018-01-17,"192,29"
2018-01-18,"191,51"
2018-01-19,"192,29"
2018-01-22,"194,38"
2018-01-23,"193,42"
2018-01-24,"194,24"
2018-01-25,"197,95"
2018-01-26,"198,91"
2018-01-29,"198,32"
2018-01-30,"197,91"
2018-01-31,"194,87"
2018-02-01,"193,47"
2018-02-02,"190,99"
2018-02-05,"182,77"
2018-02-06,"185,01"
2018-02-07,"183,19"
2018-02-08,"178,61"
2018-02-09,"180,72"
2018-02-12,"181,06"
2018-02-13,"184,15"
2018-02-14,"187,35"
2018-02-15,"191,48"
2018-02-16,"191,56"
2018-02-20,"188,12"
2018-02-21,"185,75"
2018-02-22,"186,59"
2018-02-23,"189,81"
2018-02-26,"192,81"
2018-02-27,"190,1"
2018-02-28,"190,9"
2018-03-01,"189,03"
2018-03-02,"189,33"
2018-03-05,"191,48"
2018-03-06,"191,46"
2018-03-07,"187,36"
2018-03-08,"185,69"
2018-03-09,"188,58"
2018-03-12,"189,37"
2018-03-13,"187,46"
2018-03-14,"184,63"
2018-03-15,"185,51"
2018-03-16,"185,87"
2018-03-19,"184,15"
2018-03-20,"187,35"
2018-03-21,"186,07"
2018-03-22,"182,64"
2018-03-23,"180,84"
2018-03-26,"187,22"
2018-03-27,"183,15"
2018-03-28,"183,61"
2018-03-29,"188,43"
2018-04-02,"182,75"
2018-04-03,"182,61"
2018-04-04,"185,52"
2018-04-05,"186,25"
2018-04-06,"183,96"
2018-04-09,"184,41"
2018-04-10,"183,55"
2018-04-11,"184,65"
2018-04-12,"188,82"
2018-04-13,"188,91"
2018-04-16,"194,58"
2018-04-17,"194,58"
2018-04-18,"196,51"
2018-04-19,"195,07"
2018-04-20,"193,56"
2018-04-23,"193,35"
2018-04-24,"192,51"
2018-04-25,"193,97"
2018-04-26,"195,26"
2018-04-27,"196,58"
2018-04-30,"197,16"
2018-05-01,"196,55"
2018-05-02,194
2018-05-03,"193,01"
2018-05-04,"195,19"
2018-05-07,"193,06"
2018-05-08,"194,48"
2018-05-09,"196,04"
2018-05-10,"195,45"
2018-05-11,"195,76"
2018-05-14,"195,88"
2018-05-15,"195,48"
2018-05-16,"198,71"
2018-05-17,"199,6"
2018-05-18,"199,6"
2018-05-21,"199,62"
2018-05-22,"198,97"
2018-05-23,"198,14"
2018-05-24,"198,89"
2018-05-25,"198,36"
2018-05-29,"196,74"
2018-05-30,"199,64"
2018-05-31,"199,64"
2018-06-01,"197,13"
2018-06-04,"198,62"
2018-06-05,"197,84"
2018-06-06,"197,66"
2018-06-07,"202,57"
2018-06-08,"203,76"
2018-06-11,"204,5"
2018-06-12,"204,88"
2018-06-13,"204,11"
2018-06-14,"205,12"
2018-06-15,"207,32"
2018-06-18,"206,21"
2018-06-19,"207,53"
2018-06-20,"207,98"
2018-06-21,"209,96"
2018-06-22,"211,1"
2018-06-25,"211,75"
2018-06-26,"210,09"
2018-06-27,"210,03"
2018-06-28,"208,71"
2018-06-29,"208,98"
2018-07-02,"207,99"
2018-07-03,"207,12"
2018-07-05,"209,14"
2018-07-06,"209,62"
2018-07-09,"210,94"
2018-07-10,"211,7"
2018-07-11,"210,95"
2018-07-12,"214,02"
2018-07-13,"216,54"
2018-07-16,"214,85"
2018-07-17,215
2018-07-18,"214,97"
2018-07-19,"217,54"
2018-07-20,"218,69"
2018-07-23,"218,84"
2018-07-24,"218,58"
2018-07-25,"220,7"
2018-07-26,"221,72"
2018-07-27,"219,65"
2018-07-30,"219,11"
2018-07-31,"218,71"
2018-08-01,"217,13"
2018-08-02,"221,12"
2018-08-03,"222,03"
2018-08-06,"222,72"
2018-08-07,"223,86"
2018-08-08,"224,58"
2018-08-09,"218,24"
2018-08-10,"220,31"
2018-08-13,"219,56"
2018-08-14,222
2018-08-15,"221,67"
2018-08-16,"223,19"
2018-08-17,"225,68"
2018-08-20,"227,35"
2018-08-21,"228,54"
2018-08-22,"229,21"
2018-08-23,"229,51"
2018-08-24,"231,28"
2018-08-27,"230,03"
2018-08-28,"230,26"
2018-08-29,"230,19"
2018-08-30,"230,83"
2018-08-31,"233,13"
2018-09-04,"234,68"
2018-09-05,"235,61"
2018-09-06,"236,68"
2018-09-07,"241,46"
2018-09-10,"243,18"
2018-09-11,"244,21"
2018-09-12,"242,44"
2018-09-13,"241,27"
2018-09-14,"235,38"
2018-09-17,232
2018-09-18,"234,35"
2018-09-19,"233,85"
2018-09-20,"233,92"
2018-09-21,"234,76"
2018-09-24,"233,34"
2018-09-25,"232,93"
2018-09-26,"233,81"
2018-09-27,234
2018-09-28,"234,88"
2018-10-01,"234,65"
2018-10-02,"236,35"
2018-10-03,"233,2"
2018-10-04,"231,68"
2018-10-05,"218,82"
2018-10-08,"223,93"
2018-10-09,"224,17"
2018-10-10,"221,05"
2018-10-11,"221,82"
2018-10-12,"226,95"
2018-10-15,"224,51"
2018-10-16,"227,68"
2018-10-17,"228,49"
2018-10-18,"228,58"
2018-10-19,"229,67"
2018-10-22,"229,06"
2018-10-23,"228,75"
2018-10-24,"223,76"
2018-10-25,"226,4"
2018-10-26,"218,19"
2018-10-29,"222,42"
2018-10-30,"227,92"
2018-10-31,"228,63"
2018-11-01,"229,6"
2018-11-02,"230,16"
2018-11-05,"234,45"
2018-11-06,"236,71"
2018-11-07,"240,37"
2018-11-08,"238,7"
2018-11-09,"237,74"
2018-11-12,"234,48"
2018-11-13,"234,14"
2018-11-14,"233,31"
2018-11-15,"229,94"
2018-11-16,"231,02"
2018-11-19,"228,74"
2018-11-20,"219,31"
2018-11-21,"218,57"
2018-11-23,"220,06"
2018-11-26,"219,45"
2018-11-27,"223,01"
2018-11-28,"230,34"
2018-11-29,231
2018-11-30,"231,28"
2018-12-03,"232,08"
2018-12-04,"226,35"
2018-12-06,"233,2"
2018-12-07,"224,86"
2018-12-10,"222,66"
2018-12-11,"226,5"
2018-12-12,"227,8"
2018-12-13,"226,51"
2018-12-14,"207,06"
2018-12-17,"202,23"
2018-12-18,"202,99"
2018-12-19,"201,41"
2018-12-20,"197,13"
2018-12-21,"194,52"
2018-12-24,"189,99"
2018-12-26,"198,63"
2018-12-27,"201,08"
2018-12-28,"202,04"
2018-12-31,"203,71"
2019-01-02,"204,76"
2019-01-03,"200,42"
2019-01-04,"206,24"
2019-01-07,207
2019-01-08,"208,55"
2019-01-09,"209,9"
2019-01-10,"210,64"
2019-01-11,"210,51"
2019-01-14,209
2019-01-15,"211,03"
2019-01-16,"210,18"
2019-01-17,"211,46"
2019-01-18,"213,59"
2019-01-22,"212,4"
2019-01-23,"212,09"
2019-01-24,"210,31"
2019-01-25,"209,07"
2019-01-28,"210,77"
2019-01-29,"210,31"
2019-01-30,"211,35"
2019-01-31,"214,63"
2019-02-01,"210,27"
2019-02-04,"211,18"
2019-02-05,"211,61"
2019-02-06,"211,6"
2019-02-07,"209,05"
2019-02-08,"207,75"
2019-02-11,"208,72"
2019-02-12,"211,9"
2019-02-13,"212,8"
2019-02-14,"213,84"
2019-02-15,"216,47"
2019-02-19,"218,12"
2019-02-20,"217,11"
2019-02-21,"215,23"
2019-02-22,"216,29"
2019-02-25,"217,05"
2019-02-26,"217,61"
2019-02-27,"218,05"
2019-02-28,"218,74"
2019-03-01,"219,44"
2019-03-04,"218,41"
2019-03-05,"219,82"
2019-03-06,"219,23"
2019-03-07,"216,79"
2019-03-08,"227,82"
2019-03-11,"229,69"
2019-03-12,"232,96"
2019-03-13,"236,38"
2019-03-14,"233,84"
2019-03-15,"233,6"
2019-03-18,"236,59"
2019-03-19,"237,05"
2019-03-20,"236,98"
2019-03-21,"239,54"
2019-03-22,"237,56"
2019-03-25,"236,97"
2019-03-26,"239,07"
2019-03-27,"239,41"
2019-03-28,"241,22"
2019-03-29,"242,14"
2019-04-01,"244,19"
2019-04-02,"240,5"
2019-04-03,"242,48"
2019-04-04,"244,4"
2019-04-05,"245,87"
2019-04-08,"246,52"
2019-04-09,"244,91"
2019-04-10,"245,61"
2019-04-11,"241,24"
2019-04-12,"241,95"
2019-04-15,"246,33"
2019-04-16,"245,34"
2019-04-17,"245,56"
2019-04-18,"245,81"
2019-04-22,"243,42"
2019-04-23,"245,58"
2019-04-24,"247,96"
2019-04-25,"245,6"
2019-04-26,"243,82"
2019-04-29,"244,28"
2019-04-30,"245,53"
2019-05-01,"241,59"
2019-05-02,"242,69"
2019-05-03,"244,62"
2019-05-06,"244,23"
2019-05-07,"240,18"
2019-05-08,"241,34"
2019-05-09,"243,47"
2019-05-10,"247,02"
2019-05-13,"241,92"
2019-05-14,"242,73"
2019-05-15,"244,67"
2019-05-16,"247,44"
2019-05-17,"248,35"
2019-05-20,"248,9"
2019-05-21,"249,93"
2019-05-22,"249,51"
2019-05-23,"248,53"
2019-05-24,"247,3"
2019-05-28,"246,31"
2019-05-29,"240,69"
2019-05-30,"241,54"
2019-05-31,"239,58"
2019-06-03,"241,07"
2019-06-04,"245,61"
2019-06-05,"247,96"
2019-06-06,"251,21"
2019-06-07,"256,01"
2019-06-10,"256,85"
2019-06-11,"257,11"
2019-06-12,"257,23"
2019-06-13,"259,71"
2019-06-14,"260,15"
2019-06-17,"261,43"
2019-06-18,"262,74"
2019-06-19,"263,66"
2019-06-20,"267,35"
2019-06-21,"266,13"
2019-06-24,"266,77"
2019-06-25,"266,36"
2019-06-26,"264,41"
2019-06-27,"265,58"
2019-06-28,"264,26"
2019-07-01,"263,55"
2019-07-02,"265,47"
2019-07-03,"269,14"
2019-07-05,"268,25"
2019-07-08,"269,4"
2019-07-09,"269,97"
2019-07-10,"271,42"
2019-07-11,"276,54"
2019-07-12,"279,44"
2019-07-15,"280,58"
2019-07-16,"280,65"
2019-07-17,"281,56"
2019-07-18,"282,91"
2019-07-19,"281,51"
2019-07-22,"280,17"
2019-07-23,"280,1"
2019-07-24,"280,83"
2019-07-25,"279,8"
2019-07-26,"281,37"
2019-07-29,"280,13"
2019-07-30,"279,5"
2019-07-31,"275,63"
2019-08-01,"274,57"
2019-08-02,"272,5"
2019-08-05,"265,1"
2019-08-06,"269,31"
2019-08-07,"274,3"
2019-08-08,"274,8"
2019-08-09,"273,94"
2019-08-12,"271,31"
2019-08-13,"276,26"
2019-08-14,"268,15"
2019-08-15,"271,52"
2019-08-16,"274,1"
2019-08-19,"275,61"
2019-08-20,"272,97"
2019-08-21,"275,68"
2019-08-22,"279,92"
2019-08-23,"274,01"
2019-08-26,"278,46"
2019-08-27,"292,38"
2019-08-28,"294,49"
2019-08-29,"296,57"
2019-08-30,"294,76"
2019-09-03,"292,05"
2019-09-04,"296,12"
2019-09-05,"296,97"
2019-09-06,"303,76"
2019-09-09,299
2019-09-10,297
2019-09-11,"290,69"
2019-09-12,"289,89"
2019-09-13,"291,9"
2019-09-16,"288,69"
2019-09-17,"291,41"
2019-09-18,"292,43"
2019-09-19,"287,83"
2019-09-20,"286,36"
2019-09-23,"287,57"
2019-09-24,"287,91"
2019-09-25,"288,51"
2019-09-26,"288,26"
2019-09-27,"285,95"
2019-09-30,"288,11"
2019-10-01,"283,93"
2019-10-02,"285,11"
2019-10-03,289
2019-10-04,"291,67"
2019-10-07,"293,41"
2019-10-08,"291,89"
2019-10-09,"296,9"
2019-10-10,"297,14"
2019-10-11,"297,6"
2019-10-14,"297,52"
2019-10-15,"298,39"
2019-10-16,"298,78"
2019-10-17,"302,4"
2019-10-18,"302,86"
2019-10-21,"301,08"
2019-10-22,"299,97"
2019-10-23,"297,32"
2019-10-24,"297,05"
2019-10-25,"296,5"
2019-10-28,"298,94"
2019-10-29,"295,86"
2019-10-30,"299,84"
2019-10-31,"297,11"
2019-11-01,"296,09"
2019-11-04,"296,82"
2019-11-05,"299,18"
2019-11-06,"301,57"
2019-11-07,"305,21"
2019-11-08,"302,62"
2019-11-11,"300,84"
2019-11-12,"300,5"
2019-11-13,"302,9"
2019-11-14,"304,59"
2019-11-15,"303,66"
2019-11-18,"304,54"
2019-11-19,"302,24"
2019-11-20,"300,57"
2019-11-21,"300,27"
2019-11-22,"299,31"
2019-11-25,"299,05"
2019-11-26,"301,24"
2019-11-27,"300,76"
2019-11-29,"299,81"
2019-12-02,"297,39"
2019-12-03,"295,67"
2019-12-04,"296,52"
2019-12-05,"293,1"
2019-12-06,"294,95"
2019-12-09,"295,16"
2019-12-10,"295,78"
2019-12-11,"295,3"
2019-12-12,"297,34"
2019-12-13,"291,87"
2019-12-16,"293,5"
2019-12-17,"295,55"
2019-12-18,"291,87"
2019-12-19,"293,71"
2019-12-20,"294,83"
2019-12-23,"293,31"
2019-12-24,"294,23"
2019-12-26,"295,73"
2019-12-27,"294,11"
2019-12-30,"295,14"
2019-12-31,"293,92"
2020-01-02,"291,49"
2020-01-03,"291,73"
2020-01-06,"291,81"
2020-01-07,"291,35"
2020-01-08,"294,69"
2020-01-09,"299,42"
2020-01-10,"297,24"
2020-01-13,"299,87"
2020-01-14,"299,75"
2020-01-15,"300,82"
2020-01-16,"303,03"
2020-01-17,"304,68"
2020-01-21,"313,26"
2020-01-22,"311,89"
2020-01-23,"312,88"
2020-01-24,"310,51"
2020-01-27,"309,45"
2020-01-28,"310,85"
2020-01-29,"309,58"
2020-01-30,"309,47"
2020-01-31,"305,52"
2020-02-03,302
2020-02-04,"304,9"
2020-02-05,"308,95"
2020-02-06,"310,61"
2020-02-07,"313,63"
2020-02-10,"313,79"
2020-02-11,"310,68"
2020-02-12,"315,12"
2020-02-13,"318,2"
2020-02-14,"318,31"
2020-02-18,"322,05"
2020-02-19,"323,02"
2020-02-20,"324,08"
2020-02-21,"321,95"
2020-02-24,"313,62"
2020-02-25,"304,87"
2020-02-26,"305,69"
2020-02-27,"293,13"
2020-02-28,"281,14"
2020-03-02,"309,14"
2020-03-03,"302,73"
2020-03-04,"320,74"
2020-03-05,"315,76"
2020-03-06,"311,34"
2020-03-09,"301,98"
2020-03-10,"309,4"
2020-03-11,"297,43"
2020-03-12,"279,85"
2020-03-13,"302,27"
2020-03-16,"283,18"
2020-03-17,"306,99"
2020-03-18,"307,5"
2020-03-19,"305,22"
2020-03-20,"290,42"
2020-03-23,"285,53"
2020-03-24,"284,94"
2020-03-25,"280,86"
2020-03-26,"292,3"
2020-03-27,"284,33"
2020-03-30,"291,12"
2020-03-31,"285,13"
2020-04-01,"286,78"
2020-04-02,"291,48"
2020-04-03,"288,65"
2020-04-06,"305,12"
2020-04-07,"303,63"
2020-04-08,"305,97"
2020-04-09,"300,01"
2020-04-13,"299,62"
2020-04-14,"314,14"
2020-04-15,"310,27"
2020-04-16,"321,56"
2020-04-17,"317,92"
2020-04-20,"312,08"
2020-04-21,"301,33"
2020-04-22,"309,42"
2020-04-23,"305,4"
2020-04-24,"310,55"
2020-04-27,"308,78"
2020-04-28,"304,95"
2020-04-29,"307,09"
2020-04-30,303
2020-05-01,"301,92"
2020-05-04,"304,49"
2020-05-05,"307,92"
2020-05-06,"308,89"
2020-05-07,305
2020-05-08,"305,94"
2020-05-11,"310,33"
2020-05-12,"304,84"
2020-05-13,"302,14"
2020-05-14,"299,74"
2020-05-15,"299,21"
2020-05-18,"302,76"
2020-05-19,"304,63"
2020-05-20,"304,91"
2020-05-21,"301,97"
2020-05-22,"302,43"
2020-05-26,"304,8"
2020-05-27,"306,01"
2020-05-28,"309,56"
2020-05-29,"308,47"
2020-06-01,"308,29"
2020-06-02,"307,09"
2020-06-03,"306,64"
2020-06-04,"310,75"
2020-06-05,"312,04"
2020-06-08,"307,19"
2020-06-09,"305,55"
2020-06-10,"307,33"
2020-06-11,"300,83"
2020-06-12,"298,7"
2020-06-15,"297,18"
2020-06-16,"301,36"
2020-06-17,"299,61"
2020-06-18,"299,57"
2020-06-19,"299,9"
2020-06-22,"300,45"
2020-06-23,"301,29"
2020-06-24,"298,02"
2020-06-25,"300,53"
2020-06-26,"296,56"
2020-06-29,"301,59"
2020-06-30,"303,21"
2020-07-01,"304,75"
2020-07-02,"305,74"
2020-07-06,"311,49"
2020-07-07,"316,23"
2020-07-08,"316,32"
2020-07-09,"325,54"
2020-07-10,"326,23"
2020-07-13,"322,92"
2020-07-14,328
2020-07-15,"326,7"
2020-07-16,"326,27"
2020-07-17,"324,79"
2020-07-20,"326,51"
2020-07-21,"327,74"
2020-07-22,"328,3"
2020-07-23,"326,11"
2020-07-24,"325,78"
2020-07-27,"327,6"
2020-07-28,"327,57"
2020-07-29,"326,14"
2020-07-30,"324,82"
2020-07-31,"325,53"
2020-08-03,"329,32"
2020-08-04,"339,79"
2020-08-05,"339,97"
2020-08-06,"343,31"
2020-08-07,"340,91"
2020-08-10,340
2020-08-11,"332,43"
2020-08-12,"336,76"
2020-08-13,"335,7"
2020-08-14,"336,28"
2020-08-17,"339,96"
2020-08-18,"340,75"
2020-08-19,"340,9"
2020-08-20,"340,87"
2020-08-21,"344,61"
2020-08-24,"344,13"
2020-08-25,"344,71"
2020-08-26,"344,27"
2020-08-27,"346,36"
2020-08-28,"348,37"
2020-08-31,"347,66"
2020-09-01,"351,38"
2020-09-02,"358,86"
2020-09-03,"348,3"
2020-09-04,"346,57"
2020-09-08,"338,86"
2020-09-09,"346,43"
2020-09-10,"339,53"
2020-09-11,"339,13"
2020-09-14,"342,92"
2020-09-15,"343,91"
2020-09-16,"343,73"
2020-09-17,"338,88"
2020-09-18,"335,96"
2020-09-21,"339,57"
2020-09-22,"344,45"
2020-09-23,"344,63"
2020-09-24,347
2020-09-25,"342,58"
2020-09-28,"349,62"
2020-09-29,"352,14"
2020-09-30,355
2020-10-01,"358,46"
2020-10-02,"355,01"
2020-10-05,"358,58"
2020-10-06,"358,35"
2020-10-07,"363,02"
2020-10-08,"365,09"
2020-10-09,"369,46"
2020-10-12,"376,48"
2020-10-13,"380,68"
2020-10-14,"378,34"
2020-10-15,"376,58"
2020-10-16,"381,54"
2020-10-19,"375,56"
2020-10-20,"378,31"
2020-10-21,"377,82"
2020-10-22,"375,75"
2020-10-23,"374,6"
2020-10-26,"370,71"
2020-10-27,"372,72"
2020-10-28,"364,96"
2020-10-29,"364,86"
2020-10-30,"357,62"
2020-11-02,"364,39"
2020-11-03,"371,96"
2020-11-04,"376,17"
2020-11-05,"385,23"
2020-11-06,"385,66"
2020-11-09,365
2020-11-10,"366,62"
2020-11-11,"372,92"
2020-11-12,"375,71"
2020-11-13,"378,84"
2020-11-16,"379,79"
2020-11-17,"381,92"
2020-11-18,"382,23"
2020-11-19,"383,54"
2020-11-20,"381,12"
2020-11-23,"381,71"
2020-11-24,"384,22"
2020-11-25,"387,75"
2020-11-27,"388,39"
2020-11-30,"391,77"
2020-12-01,"387,56"
2020-12-02,"383,5"
2020-12-03,"374,05"
2020-12-04,"373,43"
2020-12-07,"373,33"
2020-12-08,"377,6"
2020-12-09,"374,29"
2020-12-10,"372,79"
2020-12-11,"375,1"
2020-12-14,"374,38"
2020-12-15,"371,88"
2020-12-16,"369,44"
2020-12-17,"370,29"
2020-12-18,367
2020-12-21,"364,97"
2020-12-22,"362,03"
2020-12-23,"361,89"
2020-12-24,"364,58"
2020-12-28,"371,06"
2020-12-29,"372,72"
2020-12-30,"374,45"